player_name,projection_id,line_score,stat_type,league
felps,2749580,7.5,MAP 1 Headshots,CS2
HEN1,2749581,4.5,MAP 1 Headshots,CS2
decenty,2749582,8.0,MAP 1 Headshots,CS2
noway,2749583,7.0,MAP 1 Headshots,CS2
VINI,2749584,6.5,MAP 1 Headshots,CS2
yepz,2749585,6.5,MAP 1 Headshots,CS2
urban0,2749586,8.0,MAP 1 Headshots,CS2
RICIOLI,2749587,4.5,MAP 1 Headshots,CS2
nyezin,2749588,6.5,MAP 1 Headshots,CS2
paqueta,2749589,4.5,MAP 1 Headshots,CS2
felps,2749730,7.5,MAP 1 Headshots,CS2
HEN1,2749731,4.5,MAP 1 Headshots,CS2
decenty,2749732,8.0,MAP 1 Headshots,CS2
noway,2749733,7.0,MAP 1 Headshots,CS2
VINI,2749734,6.5,MAP 1 Headshots,CS2
yepz,2749735,6.5,MAP 1 Headshots,CS2
urban0,2749736,8.0,MAP 1 Headshots,CS2
RICIOLI,2749737,4.5,MAP 1 Headshots,CS2
nyezin,2749738,6.5,MAP 1 Headshots,CS2
paqueta,2749739,4.5,MAP 1 Headshots,CS2
detr0ittJ,2749540,4.0,MAP 1 Headshots,CS2
hoax,2749541,5.5,MAP 1 Headshots,CS2
happ,2749542,5.5,MAP 1 Headshots,CS2
Tomate,2749543,6.5,MAP 1 Headshots,CS2
ninjaZ,2749544,5.0,MAP 1 Headshots,CS2
pesadelo,2749545,8.0,MAP 1 Headshots,CS2
f4stzin,2749546,8.0,MAP 1 Headshots,CS2
shz,2749547,7.0,MAP 1 Headshots,CS2
cass1n,2749548,4.5,MAP 1 Headshots,CS2
iDk,2749549,6.0,MAP 1 Headshots,CS2
dav1deuS,2749560,8.5,MAP 1 Headshots,CS2
coldzera,2749561,8.0,MAP 1 Headshots,CS2
venomzera,2749562,9.0,MAP 1 Headshots,CS2
hardzao,2749563,7.0,MAP 1 Headshots,CS2
nython,2749564,4.5,MAP 1 Headshots,CS2
tomaszin,2749565,7.5,MAP 1 Headshots,CS2
luchov,2749566,8.5,MAP 1 Headshots,CS2
naz,2749567,7.5,MAP 1 Headshots,CS2
Noktse,2749568,4.0,MAP 1 Headshots,CS2
zock,2749569,6.5,MAP 1 Headshots,CS2
biguzera,2749600,8.0,MAP 1 Headshots,CS2
nqz,2749601,4.5,MAP 1 Headshots,CS2
kauez,2749602,8.5,MAP 1 Headshots,CS2
snow,2749603,6.0,MAP 1 Headshots,CS2
lux,2749604,7.0,MAP 1 Headshots,CS2
ALLE,2749605,5.0,MAP 1 Headshots,CS2
xureba,2749606,5.5,MAP 1 Headshots,CS2
Lcm,2749607,3.5,MAP 1 Headshots,CS2
gbb,2749608,6.0,MAP 1 Headshots,CS2
destiny,2749609,6.5,MAP 1 Headshots,CS2
Lucaozy,2749620,8.0,MAP 1 Headshots,CS2
zevy,2749621,5.5,MAP 1 Headshots,CS2
chayJESUS,2749622,7.5,MAP 1 Headshots,CS2
arT,2749623,6.5,MAP 1 Headshots,CS2
nicks,2749624,7.0,MAP 1 Headshots,CS2
maxxkor,2749625,6.5,MAP 1 Headshots,CS2
tom1jed,2749626,6.5,MAP 1 Headshots,CS2
1962,2749627,5.5,MAP 1 Headshots,CS2
alexer,2749628,7.5,MAP 1 Headshots,CS2
OwensinhoM,2749629,3.5,MAP 1 Headshots,CS2
history,2749635,5.0,MAP 1 Headshots,CS2
rainny,2749636,8.0,MAP 1 Headshots,CS2
vinaabEAST,2749637,7.5,MAP 1 Headshots,CS2
leo_drk,2749638,7.0,MAP 1 Headshots,CS2
MaLLby,2749639,7.0,MAP 1 Headshots,CS2
Gafolo,2749650,5.0,MAP 1 Headshots,CS2
doc,2749651,8.5,MAP 1 Headshots,CS2
rdnzao,2749652,7.0,MAP 1 Headshots,CS2
koala,2749653,7.5,MAP 1 Headshots,CS2
pepe,2749654,7.0,MAP 1 Headshots,CS2
reversive,2749655,6.5,MAP 1 Headshots,CS2
laser,2749656,6.5,MAP 1 Headshots,CS2
deco,2749657,7.5,MAP 1 Headshots,CS2
atarax1a,2749658,5.5,MAP 1 Headshots,CS2
righi,2749659,7.5,MAP 1 Headshots,CS2
naitte,2749670,8.5,MAP 1 Headshots,CS2
togs,2749671,7.0,MAP 1 Headshots,CS2
ksloks,2749672,7.5,MAP 1 Headshots,CS2
matios,2749673,7.0,MAP 1 Headshots,CS2
WOOD7,2749674,3.5,MAP 1 Headshots,CS2
insani,2749675,8.5,MAP 1 Headshots,CS2
saffee,2749676,5.0,MAP 1 Headshots,CS2
brnz4n,2749677,8.5,MAP 1 Headshots,CS2
drop,2749678,8.0,MAP 1 Headshots,CS2
exit,2749679,6.5,MAP 1 Headshots,CS2
detr0ittJ,2749690,4.0,MAP 1 Headshots,CS2
hoax,2749691,6.0,MAP 1 Headshots,CS2
happ,2749692,5.5,MAP 1 Headshots,CS2
Tomate,2749693,6.5,MAP 1 Headshots,CS2
ninjaZ,2749694,5.0,MAP 1 Headshots,CS2
pesadelo,2749695,8.0,MAP 1 Headshots,CS2
f4stzin,2749696,8.0,MAP 1 Headshots,CS2
shz,2749697,7.5,MAP 1 Headshots,CS2
cass1n,2749698,4.5,MAP 1 Headshots,CS2
iDk,2749699,6.0,MAP 1 Headshots,CS2
dav1deuS,2749710,8.5,MAP 1 Headshots,CS2
coldzera,2749711,8.5,MAP 1 Headshots,CS2
venomzera,2749712,9.0,MAP 1 Headshots,CS2
hardzao,2749713,7.0,MAP 1 Headshots,CS2
nython,2749714,4.0,MAP 1 Headshots,CS2
tomaszin,2749715,8.0,MAP 1 Headshots,CS2
luchov,2749716,9.0,MAP 1 Headshots,CS2
naz,2749717,7.5,MAP 1 Headshots,CS2
Noktse,2749718,4.5,MAP 1 Headshots,CS2
zock,2749719,6.5,MAP 1 Headshots,CS2
biguzera,2749750,8.0,MAP 1 Headshots,CS2
nqz,2749751,4.5,MAP 1 Headshots,CS2
kauez,2749752,8.5,MAP 1 Headshots,CS2
snow,2749753,6.0,MAP 1 Headshots,CS2
lux,2749754,7.0,MAP 1 Headshots,CS2
ALLE,2749755,5.0,MAP 1 Headshots,CS2
xureba,2749756,5.5,MAP 1 Headshots,CS2
Lcm,2749757,3.5,MAP 1 Headshots,CS2
gbb,2749758,6.0,MAP 1 Headshots,CS2
destiny,2749759,6.5,MAP 1 Headshots,CS2
Lucaozy,2749770,8.0,MAP 1 Headshots,CS2
zevy,2749771,5.5,MAP 1 Headshots,CS2
chayJESUS,2749772,7.5,MAP 1 Headshots,CS2
arT,2749773,6.5,MAP 1 Headshots,CS2
nicks,2749774,7.0,MAP 1 Headshots,CS2
maxxkor,2749775,6.0,MAP 1 Headshots,CS2
tom1jed,2749776,6.5,MAP 1 Headshots,CS2
1962,2749777,5.5,MAP 1 Headshots,CS2
alexer,2749778,7.5,MAP 1 Headshots,CS2
OwensinhoM,2749779,3.5,MAP 1 Headshots,CS2
history,2749785,5.0,MAP 1 Headshots,CS2
rainny,2749786,8.0,MAP 1 Headshots,CS2
vinaabEAST,2749787,7.5,MAP 1 Headshots,CS2
leo_drk,2749788,7.0,MAP 1 Headshots,CS2
MaLLby,2749789,7.0,MAP 1 Headshots,CS2
Gafolo,2749800,5.0,MAP 1 Headshots,CS2
doc,2749801,8.5,MAP 1 Headshots,CS2
rdnzao,2749802,7.0,MAP 1 Headshots,CS2
koala,2749803,7.5,MAP 1 Headshots,CS2
pepe,2749804,7.0,MAP 1 Headshots,CS2
reversive,2749805,6.5,MAP 1 Headshots,CS2
laser,2749806,6.5,MAP 1 Headshots,CS2
atarax1a,2749808,5.0,MAP 1 Headshots,CS2
righi,2749809,7.5,MAP 1 Headshots,CS2
naitte,2749820,8.5,MAP 1 Headshots,CS2
togs,2749821,7.0,MAP 1 Headshots,CS2
ksloks,2749822,8.0,MAP 1 Headshots,CS2
matios,2749823,7.0,MAP 1 Headshots,CS2
WOOD7,2749824,3.5,MAP 1 Headshots,CS2
insani,2749825,8.5,MAP 1 Headshots,CS2
saffee,2749826,5.0,MAP 1 Headshots,CS2
brnz4n,2749827,8.0,MAP 1 Headshots,CS2
drop,2749828,8.0,MAP 1 Headshots,CS2
exit,2749829,6.5,MAP 1 Headshots,CS2
felps,2749570,15.0,MAP 1 Kills,CS2
HEN1,2749571,14.0,MAP 1 Kills,CS2
decenty,2749572,15.5,MAP 1 Kills,CS2
noway,2749573,13.5,MAP 1 Kills,CS2
VINI,2749574,13.0,MAP 1 Kills,CS2
yepz,2749575,11.0,MAP 1 Kills,CS2
urban0,2749576,14.0,MAP 1 Kills,CS2
RICIOLI,2749577,10.0,MAP 1 Kills,CS2
nyezin,2749578,13.0,MAP 1 Kills,CS2
paqueta,2749579,10.5,MAP 1 Kills,CS2
felps,2749720,15.0,MAP 1 Kills,CS2
HEN1,2749721,14.0,MAP 1 Kills,CS2
decenty,2749722,15.5,MAP 1 Kills,CS2
noway,2749723,13.5,MAP 1 Kills,CS2
VINI,2749724,13.0,MAP 1 Kills,CS2
yepz,2749725,11.0,MAP 1 Kills,CS2
urban0,2749726,14.0,MAP 1 Kills,CS2
RICIOLI,2749727,10.0,MAP 1 Kills,CS2
nyezin,2749728,13.0,MAP 1 Kills,CS2
paqueta,2749729,10.5,MAP 1 Kills,CS2
detr0ittJ,2749530,12.5,MAP 1 Kills,CS2
hoax,2749531,11.5,MAP 1 Kills,CS2
happ,2749532,12.0,MAP 1 Kills,CS2
Tomate,2749533,13.0,MAP 1 Kills,CS2
ninjaZ,2749534,10.5,MAP 1 Kills,CS2
pesadelo,2749535,16.0,MAP 1 Kills,CS2
f4stzin,2749536,14.5,MAP 1 Kills,CS2
shz,2749537,14.5,MAP 1 Kills,CS2
cass1n,2749538,14.0,MAP 1 Kills,CS2
iDk,2749539,12.5,MAP 1 Kills,CS2
dav1deuS,2749550,16.0,MAP 1 Kills,CS2
coldzera,2749551,15.0,MAP 1 Kills,CS2
venomzera,2749552,14.5,MAP 1 Kills,CS2
hardzao,2749553,13.5,MAP 1 Kills,CS2
nython,2749554,12.5,MAP 1 Kills,CS2
tomaszin,2749555,14.5,MAP 1 Kills,CS2
luchov,2749556,14.0,MAP 1 Kills,CS2
naz,2749557,13.0,MAP 1 Kills,CS2
Noktse,2749558,11.5,MAP 1 Kills,CS2
zock,2749559,12.5,MAP 1 Kills,CS2
biguzera,2749590,15.0,MAP 1 Kills,CS2
nqz,2749591,15.0,MAP 1 Kills,CS2
kauez,2749592,14.5,MAP 1 Kills,CS2
snow,2749593,13.0,MAP 1 Kills,CS2
lux,2749594,14.5,MAP 1 Kills,CS2
ALLE,2749595,10.5,MAP 1 Kills,CS2
xureba,2749596,11.0,MAP 1 Kills,CS2
Lcm,2749597,11.0,MAP 1 Kills,CS2
gbb,2749598,12.5,MAP 1 Kills,CS2
destiny,2749599,12.0,MAP 1 Kills,CS2
Lucaozy,2749610,15.5,MAP 1 Kills,CS2
zevy,2749611,15.0,MAP 1 Kills,CS2
chayJESUS,2749612,14.5,MAP 1 Kills,CS2
arT,2749613,14.0,MAP 1 Kills,CS2
nicks,2749614,13.5,MAP 1 Kills,CS2
maxxkor,2749615,12.0,MAP 1 Kills,CS2
tom1jed,2749616,10.5,MAP 1 Kills,CS2
1962,2749617,10.0,MAP 1 Kills,CS2
alexer,2749618,11.5,MAP 1 Kills,CS2
OwensinhoM,2749619,9.5,MAP 1 Kills,CS2
history,2749630,16.0,MAP 1 Kills,CS2
rainny,2749631,15.5,MAP 1 Kills,CS2
vinaabEAST,2749632,13.0,MAP 1 Kills,CS2
leo_drk,2749633,13.0,MAP 1 Kills,CS2
MaLLby,2749634,13.0,MAP 1 Kills,CS2
Gafolo,2749640,14.5,MAP 1 Kills,CS2
doc,2749641,15.5,MAP 1 Kills,CS2
rdnzao,2749642,14.0,MAP 1 Kills,CS2
koala,2749643,14.5,MAP 1 Kills,CS2
pepe,2749644,12.5,MAP 1 Kills,CS2
reversive,2749645,13.0,MAP 1 Kills,CS2
laser,2749646,12.5,MAP 1 Kills,CS2
deco,2749647,15.0,MAP 1 Kills,CS2
atarax1a,2749648,14.0,MAP 1 Kills,CS2
righi,2749649,13.5,MAP 1 Kills,CS2
naitte,2749660,14.0,MAP 1 Kills,CS2
togs,2749661,14.5,MAP 1 Kills,CS2
ksloks,2749662,13.5,MAP 1 Kills,CS2
matios,2749663,12.5,MAP 1 Kills,CS2
WOOD7,2749664,12.5,MAP 1 Kills,CS2
insani,2749665,16.0,MAP 1 Kills,CS2
saffee,2749666,15.0,MAP 1 Kills,CS2
brnz4n,2749667,13.0,MAP 1 Kills,CS2
drop,2749668,13.5,MAP 1 Kills,CS2
exit,2749669,14.0,MAP 1 Kills,CS2
detr0ittJ,2749680,12.5,MAP 1 Kills,CS2
hoax,2749681,11.5,MAP 1 Kills,CS2
happ,2749682,12.0,MAP 1 Kills,CS2
Tomate,2749683,13.0,MAP 1 Kills,CS2
ninjaZ,2749684,10.5,MAP 1 Kills,CS2
pesadelo,2749685,16.0,MAP 1 Kills,CS2
f4stzin,2749686,14.5,MAP 1 Kills,CS2
shz,2749687,14.5,MAP 1 Kills,CS2
cass1n,2749688,14.0,MAP 1 Kills,CS2
iDk,2749689,12.5,MAP 1 Kills,CS2
dav1deuS,2749700,16.0,MAP 1 Kills,CS2
coldzera,2749701,15.0,MAP 1 Kills,CS2
venomzera,2749702,14.5,MAP 1 Kills,CS2
hardzao,2749703,13.5,MAP 1 Kills,CS2
nython,2749704,12.5,MAP 1 Kills,CS2
tomaszin,2749705,15.0,MAP 1 Kills,CS2
luchov,2749706,14.0,MAP 1 Kills,CS2
naz,2749707,13.0,MAP 1 Kills,CS2
Noktse,2749708,11.5,MAP 1 Kills,CS2
zock,2749709,12.5,MAP 1 Kills,CS2
biguzera,2749740,15.0,MAP 1 Kills,CS2
nqz,2749741,15.0,MAP 1 Kills,CS2
kauez,2749742,14.5,MAP 1 Kills,CS2
snow,2749743,13.0,MAP 1 Kills,CS2
lux,2749744,14.5,MAP 1 Kills,CS2
ALLE,2749745,10.5,MAP 1 Kills,CS2
xureba,2749746,11.0,MAP 1 Kills,CS2
Lcm,2749747,11.0,MAP 1 Kills,CS2
gbb,2749748,12.5,MAP 1 Kills,CS2
destiny,2749749,12.0,MAP 1 Kills,CS2
Lucaozy,2749760,15.5,MAP 1 Kills,CS2
zevy,2749761,15.0,MAP 1 Kills,CS2
chayJESUS,2749762,14.5,MAP 1 Kills,CS2
arT,2749763,14.0,MAP 1 Kills,CS2
nicks,2749764,13.5,MAP 1 Kills,CS2
maxxkor,2749765,12.0,MAP 1 Kills,CS2
tom1jed,2749766,10.5,MAP 1 Kills,CS2
1962,2749767,10.0,MAP 1 Kills,CS2
alexer,2749768,11.0,MAP 1 Kills,CS2
OwensinhoM,2749769,9.5,MAP 1 Kills,CS2
history,2749780,16.0,MAP 1 Kills,CS2
rainny,2749781,15.5,MAP 1 Kills,CS2
vinaabEAST,2749782,13.0,MAP 1 Kills,CS2
leo_drk,2749783,13.0,MAP 1 Kills,CS2
MaLLby,2749784,13.0,MAP 1 Kills,CS2
Gafolo,2749790,14.5,MAP 1 Kills,CS2
doc,2749791,15.5,MAP 1 Kills,CS2
rdnzao,2749792,14.0,MAP 1 Kills,CS2
koala,2749793,14.5,MAP 1 Kills,CS2
pepe,2749794,12.5,MAP 1 Kills,CS2
reversive,2749795,13.0,MAP 1 Kills,CS2
laser,2749796,12.5,MAP 1 Kills,CS2
deco,2749797,15.0,MAP 1 Kills,CS2
atarax1a,2749798,14.0,MAP 1 Kills,CS2
righi,2749799,13.5,MAP 1 Kills,CS2
naitte,2749810,14.0,MAP 1 Kills,CS2
togs,2749811,14.5,MAP 1 Kills,CS2
ksloks,2749812,14.5,MAP 1 Kills,CS2
matios,2749813,13.0,MAP 1 Kills,CS2
WOOD7,2749814,12.5,MAP 1 Kills,CS2
insani,2749815,16.0,MAP 1 Kills,CS2
saffee,2749816,15.0,MAP 1 Kills,CS2
brnz4n,2749817,13.0,MAP 1 Kills,CS2
drop,2749818,13.5,MAP 1 Kills,CS2
exit,2749819,14.0,MAP 1 Kills,CS2
Levi,2749132,13.5,MAPS 1-2 Headshots,CS2
K1-FiDa,2749133,12.0,MAPS 1-2 Headshots,CS2
M1key,2749135,14.0,MAPS 1-2 Headshots,CS2
Pechyn,2749136,17.0,MAPS 1-2 Headshots,CS2
Polbandana,2749137,18.0,MAPS 1-2 Headshots,CS2
byr9,2749138,15.5,MAPS 1-2 Headshots,CS2
kensizor,2749139,20.0,MAPS 1-2 Headshots,CS2
amster,2749140,14.0,MAPS 1-2 Headshots,CS2
s4ltovsk1yy,2749141,11.0,MAPS 1-2 Headshots,CS2
jackasmo,2749147,20.5,MAPS 1-2 Headshots,CS2
s-chilla,2749148,15.5,MAPS 1-2 Headshots,CS2
fear,2749149,14.0,MAPS 1-2 Headshots,CS2
zeRRoFIX,2749150,14.5,MAPS 1-2 Headshots,CS2
jambo,2749151,13.5,MAPS 1-2 Headshots,CS2
ex1st,2749157,14.0,MAPS 1-2 Headshots,CS2
bajmi,2749158,15.0,MAPS 1-2 Headshots,CS2
fr3nd,2749159,11.5,MAPS 1-2 Headshots,CS2
Demho,2749160,15.5,MAPS 1-2 Headshots,CS2
Sobol,2749161,16.5,MAPS 1-2 Headshots,CS2
FreeZe,2749172,13.0,MAPS 1-2 Headshots,CS2
PerX,2749173,14.5,MAPS 1-2 Headshots,CS2
ArroW,2749174,16.0,MAPS 1-2 Headshots,CS2
hyped,2749175,9.0,MAPS 1-2 Headshots,CS2
awzek,2749176,14.0,MAPS 1-2 Headshots,CS2
Furlan,2749177,13.0,MAPS 1-2 Headshots,CS2
Markoś,2749178,11.0,MAPS 1-2 Headshots,CS2
splawik,2749179,11.0,MAPS 1-2 Headshots,CS2
b1elany,2749180,16.5,MAPS 1-2 Headshots,CS2
kadziu,2749181,16.5,MAPS 1-2 Headshots,CS2
SHOCK,2749192,17.0,MAPS 1-2 Headshots,CS2
oskar,2749193,11.0,MAPS 1-2 Headshots,CS2
beastik,2749194,15.5,MAPS 1-2 Headshots,CS2
majky,2749195,16.0,MAPS 1-2 Headshots,CS2
MoriiSko,2749196,17.5,MAPS 1-2 Headshots,CS2
XELLOW,2749198,12.0,MAPS 1-2 Headshots,CS2
BTN,2749199,12.5,MAPS 1-2 Headshots,CS2
ragga,2749200,14.0,MAPS 1-2 Headshots,CS2
Ciocardau,2749201,17.0,MAPS 1-2 Headshots,CS2
FinigaN,2749207,18.0,MAPS 1-2 Headshots,CS2
xiELO,2749208,17.0,MAPS 1-2 Headshots,CS2
easy,2749209,9.0,MAPS 1-2 Headshots,CS2
tN1R,2749210,17.0,MAPS 1-2 Headshots,CS2
SELLTER,2749211,14.5,MAPS 1-2 Headshots,CS2
Golden,2749216,15.5,MAPS 1-2 Headshots,CS2
Peppzor,2749217,14.0,MAPS 1-2 Headshots,CS2
HEAP,2749218,18.0,MAPS 1-2 Headshots,CS2
JW,2749219,12.5,MAPS 1-2 Headshots,CS2
CYPHER,2749375,17.5,MAPS 1-2 Headshots,CS2
hampus,2749376,11.5,MAPS 1-2 Headshots,CS2
nawwk,2749377,12.0,MAPS 1-2 Headshots,CS2
jkaem,2749378,17.0,MAPS 1-2 Headshots,CS2
nexa,2749379,12.5,MAPS 1-2 Headshots,CS2
draken,2749390,11.0,MAPS 1-2 Headshots,CS2
chawzyyy,2749391,13.0,MAPS 1-2 Headshots,CS2
spooke,2749392,20.0,MAPS 1-2 Headshots,CS2
bobeksde,2749393,17.0,MAPS 1-2 Headshots,CS2
Ro1f,2749394,16.5,MAPS 1-2 Headshots,CS2
Surreal,2749395,14.0,MAPS 1-2 Headshots,CS2
cej0t,2749396,16.5,MAPS 1-2 Headshots,CS2
AZUWU,2749397,17.5,MAPS 1-2 Headshots,CS2
MiGHTYMAX,2749398,12.5,MAPS 1-2 Headshots,CS2
CRUC1AL,2749399,10.0,MAPS 1-2 Headshots,CS2
Nivera,2749405,17.5,MAPS 1-2 Headshots,CS2
NBK-,2749406,14.0,MAPS 1-2 Headshots,CS2
reiko,2749407,14.5,MAPS 1-2 Headshots,CS2
lauNX,2749408,17.0,MAPS 1-2 Headshots,CS2
adeX,2749409,10.5,MAPS 1-2 Headshots,CS2
iDk,2745886,13.0,MAPS 1-2 Headshots,CS2
cass1n,2745887,10.0,MAPS 1-2 Headshots,CS2
shz,2745888,16.0,MAPS 1-2 Headshots,CS2
f4stzin,2745889,16.5,MAPS 1-2 Headshots,CS2
pesadelo,2745890,17.0,MAPS 1-2 Headshots,CS2
X5G7V,2749420,13.0,MAPS 1-2 Headshots,CS2
fozil,2749421,17.0,MAPS 1-2 Headshots,CS2
TruNiQ,2749422,19.0,MAPS 1-2 Headshots,CS2
Vert,2749423,13.0,MAPS 1-2 Headshots,CS2
danistzz,2749424,15.5,MAPS 1-2 Headshots,CS2
bnox,2749425,15.5,MAPS 1-2 Headshots,CS2
mASKED,2749426,10.0,MAPS 1-2 Headshots,CS2
maaryy,2749427,14.0,MAPS 1-2 Headshots,CS2
tomiko,2749428,18.5,MAPS 1-2 Headshots,CS2
SpavaQu,2749429,11.0,MAPS 1-2 Headshots,CS2
cptkurtka023,2749440,17.0,MAPS 1-2 Headshots,CS2
esenthial,2749441,17.5,MAPS 1-2 Headshots,CS2
headtr1ck,2749442,11.5,MAPS 1-2 Headshots,CS2
npl,2749443,18.5,MAPS 1-2 Headshots,CS2
alex666,2749444,15.0,MAPS 1-2 Headshots,CS2
raalz,2749445,15.0,MAPS 1-2 Headshots,CS2
mantuu,2749446,11.0,MAPS 1-2 Headshots,CS2
s0und,2749447,20.5,MAPS 1-2 Headshots,CS2
refrezh,2749448,15.0,MAPS 1-2 Headshots,CS2
misutaaa,2749449,18.0,MAPS 1-2 Headshots,CS2
bnc,2745896,13.5,MAPS 1-2 Headshots,CS2
SHOOWTiME,2745897,14.5,MAPS 1-2 Headshots,CS2
piriajr,2745898,18.0,MAPS 1-2 Headshots,CS2
KAISER,2745899,11.0,MAPS 1-2 Headshots,CS2
reix,2745900,11.5,MAPS 1-2 Headshots,CS2
dwushka,2749925,18.0,MAPS 1-2 Headshots,CS2
xdENiSZERA,2749926,16.5,MAPS 1-2 Headshots,CS2
KusMe,2749927,17.0,MAPS 1-2 Headshots,CS2
Something,2749928,17.5,MAPS 1-2 Headshots,CS2
shady,2749929,10.0,MAPS 1-2 Headshots,CS2
sh1geo,2749930,14.0,MAPS 1-2 Headshots,CS2
bl1x1,2749931,20.0,MAPS 1-2 Headshots,CS2
VILBy,2749932,13.5,MAPS 1-2 Headshots,CS2
bluewh1te,2749933,17.0,MAPS 1-2 Headshots,CS2
gr1ks,2749934,11.5,MAPS 1-2 Headshots,CS2
khaN,2749945,11.5,MAPS 1-2 Headshots,CS2
zweih,2749946,16.5,MAPS 1-2 Headshots,CS2
1eeR,2749947,13.0,MAPS 1-2 Headshots,CS2
riskyb0b,2749948,15.5,MAPS 1-2 Headshots,CS2
Xant3r,2749949,16.5,MAPS 1-2 Headshots,CS2
jackasmo,2749950,19.0,MAPS 1-2 Headshots,CS2
s-chilla,2749951,14.5,MAPS 1-2 Headshots,CS2
fear,2749952,13.5,MAPS 1-2 Headshots,CS2
zeRRoFIX,2749953,14.0,MAPS 1-2 Headshots,CS2
jambo,2749954,14.5,MAPS 1-2 Headshots,CS2
roman,2749965,14.5,MAPS 1-2 Headshots,CS2
story,2749966,10.0,MAPS 1-2 Headshots,CS2
ewjerkz,2749967,16.0,MAPS 1-2 Headshots,CS2
arrozdoce,2749968,17.0,MAPS 1-2 Headshots,CS2
MUTiRiS,2749969,13.5,MAPS 1-2 Headshots,CS2
SHOCK,2749970,16.5,MAPS 1-2 Headshots,CS2
oskar,2749971,10.5,MAPS 1-2 Headshots,CS2
beastik,2749972,15.0,MAPS 1-2 Headshots,CS2
majky,2749973,15.0,MAPS 1-2 Headshots,CS2
MoriiSko,2749974,17.0,MAPS 1-2 Headshots,CS2
ALLE,2745906,13.0,MAPS 1-2 Headshots,CS2
xureba,2745907,14.0,MAPS 1-2 Headshots,CS2
Lcm,2745908,9.0,MAPS 1-2 Headshots,CS2
gbb,2745909,15.0,MAPS 1-2 Headshots,CS2
destiny,2745910,15.0,MAPS 1-2 Headshots,CS2
urban0,2745915,19.0,MAPS 1-2 Headshots,CS2
yepz,2745916,16.0,MAPS 1-2 Headshots,CS2
nyezin,2745917,15.0,MAPS 1-2 Headshots,CS2
RICIOLI,2745918,11.0,MAPS 1-2 Headshots,CS2
Levi,2749122,27.5,MAPS 1-2 Kills,CS2
K1-FiDa,2749123,25.5,MAPS 1-2 Kills,CS2
Blogg1s,2749124,31.0,MAPS 1-2 Kills,CS2
M1key,2749125,31.0,MAPS 1-2 Kills,CS2
Pechyn,2749126,30.5,MAPS 1-2 Kills,CS2
Polbandana,2749127,30.0,MAPS 1-2 Kills,CS2
byr9,2749128,27.0,MAPS 1-2 Kills,CS2
kensizor,2749129,33.5,MAPS 1-2 Kills,CS2
amster,2749130,30.5,MAPS 1-2 Kills,CS2
s4ltovsk1yy,2749131,29.5,MAPS 1-2 Kills,CS2
jackasmo,2749142,32.5,MAPS 1-2 Kills,CS2
s-chilla,2749143,28.5,MAPS 1-2 Kills,CS2
fear,2749144,28.0,MAPS 1-2 Kills,CS2
zeRRoFIX,2749145,25.5,MAPS 1-2 Kills,CS2
jambo,2749146,32.5,MAPS 1-2 Kills,CS2
ex1st,2749152,26.5,MAPS 1-2 Kills,CS2
bajmi,2749153,29.5,MAPS 1-2 Kills,CS2
fr3nd,2749154,32.0,MAPS 1-2 Kills,CS2
Demho,2749155,30.5,MAPS 1-2 Kills,CS2
Sobol,2749156,28.5,MAPS 1-2 Kills,CS2
FreeZe,2749162,29.5,MAPS 1-2 Kills,CS2
PerX,2749163,28.5,MAPS 1-2 Kills,CS2
ArroW,2749164,28.0,MAPS 1-2 Kills,CS2
hyped,2749165,31.5,MAPS 1-2 Kills,CS2
awzek,2749166,28.5,MAPS 1-2 Kills,CS2
Furlan,2749167,25.0,MAPS 1-2 Kills,CS2
Markoś,2749168,31.5,MAPS 1-2 Kills,CS2
splawik,2749169,22.0,MAPS 1-2 Kills,CS2
b1elany,2749170,29.5,MAPS 1-2 Kills,CS2
kadziu,2749171,27.0,MAPS 1-2 Kills,CS2
SHOCK,2749182,30.5,MAPS 1-2 Kills,CS2
oskar,2749183,31.0,MAPS 1-2 Kills,CS2
beastik,2749184,27.0,MAPS 1-2 Kills,CS2
majky,2749185,29.5,MAPS 1-2 Kills,CS2
MoriiSko,2749186,31.0,MAPS 1-2 Kills,CS2
XELLOW,2749188,29.5,MAPS 1-2 Kills,CS2
BTN,2749189,25.0,MAPS 1-2 Kills,CS2
ragga,2749190,27.5,MAPS 1-2 Kills,CS2
Ciocardau,2749191,29.5,MAPS 1-2 Kills,CS2
FinigaN,2749202,31.5,MAPS 1-2 Kills,CS2
xiELO,2749203,29.0,MAPS 1-2 Kills,CS2
easy,2749204,27.5,MAPS 1-2 Kills,CS2
tN1R,2749205,31.0,MAPS 1-2 Kills,CS2
SELLTER,2749206,27.5,MAPS 1-2 Kills,CS2
Golden,2749212,26.5,MAPS 1-2 Kills,CS2
Peppzor,2749213,26.5,MAPS 1-2 Kills,CS2
HEAP,2749214,30.5,MAPS 1-2 Kills,CS2
JW,2749215,32.0,MAPS 1-2 Kills,CS2
CYPHER,2749370,32.0,MAPS 1-2 Kills,CS2
hampus,2749371,30.0,MAPS 1-2 Kills,CS2
nawwk,2749372,30.5,MAPS 1-2 Kills,CS2
jkaem,2749373,31.5,MAPS 1-2 Kills,CS2
nexa,2749374,26.0,MAPS 1-2 Kills,CS2
draken,2749380,33.5,MAPS 1-2 Kills,CS2
chawzyyy,2749381,29.0,MAPS 1-2 Kills,CS2
spooke,2749382,35.5,MAPS 1-2 Kills,CS2
bobeksde,2749383,29.5,MAPS 1-2 Kills,CS2
Ro1f,2749384,27.0,MAPS 1-2 Kills,CS2
Surreal,2749385,27.5,MAPS 1-2 Kills,CS2
cej0t,2749386,28.5,MAPS 1-2 Kills,CS2
AZUWU,2749387,29.5,MAPS 1-2 Kills,CS2
MiGHTYMAX,2749388,23.0,MAPS 1-2 Kills,CS2
CRUC1AL,2749389,30.0,MAPS 1-2 Kills,CS2
Nivera,2749400,31.5,MAPS 1-2 Kills,CS2
NBK-,2749401,26.5,MAPS 1-2 Kills,CS2
reiko,2749402,33.5,MAPS 1-2 Kills,CS2
lauNX,2749403,30.5,MAPS 1-2 Kills,CS2
adeX,2749404,30.5,MAPS 1-2 Kills,CS2
iDk,2745881,26.0,MAPS 1-2 Kills,CS2
cass1n,2745882,29.5,MAPS 1-2 Kills,CS2
shz,2745883,30.0,MAPS 1-2 Kills,CS2
f4stzin,2745884,30.5,MAPS 1-2 Kills,CS2
pesadelo,2745885,33.0,MAPS 1-2 Kills,CS2
X5G7V,2749410,27.5,MAPS 1-2 Kills,CS2
fozil,2749411,28.5,MAPS 1-2 Kills,CS2
TruNiQ,2749412,33.0,MAPS 1-2 Kills,CS2
Vert,2749413,27.0,MAPS 1-2 Kills,CS2
danistzz,2749414,34.0,MAPS 1-2 Kills,CS2
bnox,2749415,29.5,MAPS 1-2 Kills,CS2
mASKED,2749416,26.5,MAPS 1-2 Kills,CS2
maaryy,2749417,27.0,MAPS 1-2 Kills,CS2
tomiko,2749418,31.0,MAPS 1-2 Kills,CS2
SpavaQu,2749419,28.5,MAPS 1-2 Kills,CS2
cptkurtka023,2749430,29.5,MAPS 1-2 Kills,CS2
esenthial,2749431,26.5,MAPS 1-2 Kills,CS2
headtr1ck,2749432,32.5,MAPS 1-2 Kills,CS2
npl,2749433,33.0,MAPS 1-2 Kills,CS2
alex666,2749434,30.5,MAPS 1-2 Kills,CS2
raalz,2749435,25.5,MAPS 1-2 Kills,CS2
mantuu,2749436,30.5,MAPS 1-2 Kills,CS2
s0und,2749437,31.5,MAPS 1-2 Kills,CS2
refrezh,2749438,28.5,MAPS 1-2 Kills,CS2
misutaaa,2749439,30.5,MAPS 1-2 Kills,CS2
bnc,2745891,29.0,MAPS 1-2 Kills,CS2
SHOOWTiME,2745892,29.0,MAPS 1-2 Kills,CS2
piriajr,2745893,33.0,MAPS 1-2 Kills,CS2
KAISER,2745894,30.0,MAPS 1-2 Kills,CS2
reix,2745895,24.0,MAPS 1-2 Kills,CS2
dwushka,2749915,29.5,MAPS 1-2 Kills,CS2
xdENiSZERA,2749916,29.5,MAPS 1-2 Kills,CS2
KusMe,2749917,29.0,MAPS 1-2 Kills,CS2
Something,2749918,30.0,MAPS 1-2 Kills,CS2
shady,2749919,30.0,MAPS 1-2 Kills,CS2
sh1geo,2749920,23.5,MAPS 1-2 Kills,CS2
bl1x1,2749921,32.0,MAPS 1-2 Kills,CS2
VILBy,2749922,27.0,MAPS 1-2 Kills,CS2
bluewh1te,2749923,30.0,MAPS 1-2 Kills,CS2
gr1ks,2749924,33.5,MAPS 1-2 Kills,CS2
khaN,2749935,31.0,MAPS 1-2 Kills,CS2
zweih,2749936,33.0,MAPS 1-2 Kills,CS2
1eeR,2749937,29.5,MAPS 1-2 Kills,CS2
riskyb0b,2749938,28.0,MAPS 1-2 Kills,CS2
Xant3r,2749939,30.5,MAPS 1-2 Kills,CS2
jackasmo,2749940,31.5,MAPS 1-2 Kills,CS2
s-chilla,2749941,26.5,MAPS 1-2 Kills,CS2
fear,2749942,27.0,MAPS 1-2 Kills,CS2
zeRRoFIX,2749943,25.0,MAPS 1-2 Kills,CS2
jambo,2749944,31.0,MAPS 1-2 Kills,CS2
roman,2749955,27.0,MAPS 1-2 Kills,CS2
story,2749956,27.0,MAPS 1-2 Kills,CS2
ewjerkz,2749957,29.5,MAPS 1-2 Kills,CS2
arrozdoce,2749958,29.0,MAPS 1-2 Kills,CS2
MUTiRiS,2749959,26.5,MAPS 1-2 Kills,CS2
SHOCK,2749960,29.5,MAPS 1-2 Kills,CS2
oskar,2749961,30.5,MAPS 1-2 Kills,CS2
beastik,2749962,26.0,MAPS 1-2 Kills,CS2
majky,2749963,28.5,MAPS 1-2 Kills,CS2
MoriiSko,2749964,30.5,MAPS 1-2 Kills,CS2
ALLE,2745901,26.5,MAPS 1-2 Kills,CS2
xureba,2745902,27.5,MAPS 1-2 Kills,CS2
Lcm,2745903,26.5,MAPS 1-2 Kills,CS2
gbb,2745904,32.0,MAPS 1-2 Kills,CS2
destiny,2745905,29.5,MAPS 1-2 Kills,CS2
urban0,2745911,32.5,MAPS 1-2 Kills,CS2
yepz,2745912,27.0,MAPS 1-2 Kills,CS2
nyezin,2745913,30.0,MAPS 1-2 Kills,CS2
RICIOLI,2745914,24.5,MAPS 1-2 Kills,CS2
Damon Heta,2750139,5.0,180's Thrown,DARTS
Ryan Searle,2750140,4.0,180's Thrown,DARTS
Michael Smith,2750141,5.5,180's Thrown,DARTS
Gary Anderson,2750142,6.0,180's Thrown,DARTS
Michael van Gerwen,2750143,4.5,180's Thrown,DARTS
Luke Littler,2750144,6.0,180's Thrown,DARTS
Chris Dobey,2750145,5.5,180's Thrown,DARTS
Ritchie Edhouse,2750146,4.5,180's Thrown,DARTS
Pete Alonso,2735185,22.5,Home Runs,HRDERBY
Pete Alonso,2736007,25.5,Home Runs,HRDERBY
Adolis García,2736008,22.5,Home Runs,HRDERBY
Marcell Ozuna,2736009,23.5,Home Runs,HRDERBY
Gunnar Henderson,2736010,23.5,Home Runs,HRDERBY
Bobby Witt Jr.,2736011,22.5,Home Runs,HRDERBY
José Ramírez,2736012,20.5,Home Runs,HRDERBY
Teoscar Hernández,2736013,21.5,Home Runs,HRDERBY
Alec Bohm,2736014,18.5,Home Runs,HRDERBY
Pete Alonso + Marcell Ozuna,2750035,48.5,Home Runs (Combo),HRDERBY
Gunnar Henderson + Adolis García,2750036,44.5,Home Runs (Combo),HRDERBY
Bobby Witt Jr. + José Ramírez,2750037,41.5,Home Runs (Combo),HRDERBY
Teoscar Hernández + Alec Bohm,2750038,39.5,Home Runs (Combo),HRDERBY
Pete Alonso + Gunnar Henderson,2750039,46.5,Home Runs (Combo),HRDERBY
Marcell Ozuna + Gunnar Henderson,2750040,45.5,Home Runs (Combo),HRDERBY
Pete Alonso + Adolis García,2750041,47.5,Home Runs (Combo),HRDERBY
Gunnar Henderson + Bobby Witt Jr.,2750042,43.5,Home Runs (Combo),HRDERBY
Pete Alonso + Bobby Witt Jr.,2750044,46.5,Home Runs (Combo),HRDERBY
Marcell Ozuna + Adolis García,2750045,46.5,Home Runs (Combo),HRDERBY
Marcell Ozuna + Bobby Witt Jr.,2750046,45.5,Home Runs (Combo),HRDERBY
Marcell Ozuna + Teoscar Hernández,2750047,44.5,Home Runs (Combo),HRDERBY
Gunnar Henderson + José Ramírez,2750048,41.5,Home Runs (Combo),HRDERBY
Marcell Ozuna + José Ramírez,2750049,43.5,Home Runs (Combo),HRDERBY
Pete Alonso + José Ramírez,2750050,44.5,Home Runs (Combo),HRDERBY
Hery,2749032,11.5,MAPS 1-2 Assists,LoL
Tianzhen,2749033,16.5,MAPS 1-2 Assists,LoL
Angel,2749034,14.5,MAPS 1-2 Assists,LoL
Starry,2749035,12.5,MAPS 1-2 Assists,LoL
ppgod,2749036,21.5,MAPS 1-2 Assists,LoL
YSKM,2749037,8.5,MAPS 1-2 Assists,LoL
glfs,2749038,11.5,MAPS 1-2 Assists,LoL
neny,2749039,9.5,MAPS 1-2 Assists,LoL
Ahn,2749040,10.0,MAPS 1-2 Assists,LoL
Vampire,2749041,16.5,MAPS 1-2 Assists,LoL
Burdol,2749052,7.0,MAPS 1-2 Assists,LoL
Meteor,2749053,9.5,MAPS 1-2 Assists,LoL
haichao,2749054,7.5,MAPS 1-2 Assists,LoL
Shaoye,2749055,7.0,MAPS 1-2 Assists,LoL
Jinjiao,2749056,10.5,MAPS 1-2 Assists,LoL
Bin,2749057,13.0,MAPS 1-2 Assists,LoL
Xun,2749058,16.5,MAPS 1-2 Assists,LoL
knight,2749059,14.5,MAPS 1-2 Assists,LoL
Elk,2749060,15.0,MAPS 1-2 Assists,LoL
ON,2749061,22.5,MAPS 1-2 Assists,LoL
doraemon,2749062,4.5,MAPS 1-2 Kills,LoL
Ko1eee,2749063,5.5,MAPS 1-2 Kills,LoL
Zhovy,2749064,5.5,MAPS 1-2 Kills,LoL
Styx,2749065,7.0,MAPS 1-2 Kills,LoL
Thien,2749066,7.5,MAPS 1-2 Kills,LoL
Shernfire,2749067,9.0,MAPS 1-2 Kills,LoL
fighto,2749068,13.0,MAPS 1-2 Kills,LoL
Leemas,2749069,14.0,MAPS 1-2 Kills,LoL
Hery,2749022,5.5,MAPS 1-2 Kills,LoL
Tianzhen,2749023,5.0,MAPS 1-2 Kills,LoL
Angel,2749024,7.5,MAPS 1-2 Kills,LoL
Starry,2749025,8.5,MAPS 1-2 Kills,LoL
YSKM,2749027,5.5,MAPS 1-2 Kills,LoL
glfs,2749028,6.0,MAPS 1-2 Kills,LoL
neny,2749029,6.0,MAPS 1-2 Kills,LoL
Ahn,2749030,8.0,MAPS 1-2 Kills,LoL
zorenous,2749070,4.5,MAPS 1-2 Kills,LoL
Foreigner,2749071,4.5,MAPS 1-2 Kills,LoL
Incursio,2749072,5.5,MAPS 1-2 Kills,LoL
Raes,2749073,8.5,MAPS 1-2 Kills,LoL
BioPanther,2749074,6.5,MAPS 1-2 Kills,LoL
Kevy,2749075,10.0,MAPS 1-2 Kills,LoL
Haeri,2749076,11.0,MAPS 1-2 Kills,LoL
Violet,2749077,11.0,MAPS 1-2 Kills,LoL
Burdol,2749042,3.0,MAPS 1-2 Kills,LoL
Meteor,2749043,5.0,MAPS 1-2 Kills,LoL
haichao,2749044,5.0,MAPS 1-2 Kills,LoL
Shaoye,2749045,5.5,MAPS 1-2 Kills,LoL
Bin,2749047,6.5,MAPS 1-2 Kills,LoL
Xun,2749048,7.0,MAPS 1-2 Kills,LoL
knight,2749049,8.5,MAPS 1-2 Kills,LoL
Elk,2749050,11.0,MAPS 1-2 Kills,LoL
ON,2749051,1.5,MAPS 1-2 Kills,LoL
Hery + Tianzhen + Angel,2749078,18.0,MAPS 1-2 Kills (Combo),LoL
Angel + Starry,2749079,16.0,MAPS 1-2 Kills (Combo),LoL
YSKM + glfs + Ahn,2749080,18.5,MAPS 1-2 Kills (Combo),LoL
neny + Ahn,2749081,13.0,MAPS 1-2 Kills (Combo),LoL
Burdol + Meteor + haichao,2749082,12.5,MAPS 1-2 Kills (Combo),LoL
haichao + Shaoye,2749083,10.0,MAPS 1-2 Kills (Combo),LoL
Bin + Xun + knight,2749084,22.0,MAPS 1-2 Kills (Combo),LoL
knight + Elk,2749085,19.0,MAPS 1-2 Kills (Combo),LoL
Mohammed Usman,2748981,79.5,Fantasy Score,MMA
Lucie Pudilova,2748982,71.5,Fantasy Score,MMA
Loik Radzhabov,2748983,81.5,Fantasy Score,MMA
Miranda Maverick,2748984,80.5,Fantasy Score,MMA
Cody Gibson,2748985,93.5,Fantasy Score,MMA
Lee Jeong-yeong,2748986,91.5,Fantasy Score,MMA
Cody Durden,2748987,73.5,Fantasy Score,MMA
Bill Algeo,2748988,91.5,Fantasy Score,MMA
Kaynan Kruschewsky,2748989,84.5,Fantasy Score,MMA
Steve Garcia,2748990,77.5,Fantasy Score,MMA
Junyong Park,2748991,87.5,Fantasy Score,MMA
Virna Jandiroba,2748992,86.5,Fantasy Score,MMA
Cody Gibson,2748965,12.5,Fight Time (Mins),MMA
Lee Jeong-yeong,2748966,12.5,Fight Time (Mins),MMA
Kaynan Kruschewsky,2748967,12.5,Fight Time (Mins),MMA
Steve Garcia,2748968,5.5,Fight Time (Mins),MMA
Mohammed Usman,2748969,53.5,Significant Strikes,MMA
Lucie Pudilova,2748970,52.5,Significant Strikes,MMA
Loik Radzhabov,2748971,45.5,Significant Strikes,MMA
Miranda Maverick,2748972,58.5,Significant Strikes,MMA
Cody Gibson,2748973,48.5,Significant Strikes,MMA
Lee Jeong-yeong,2748974,40.5,Significant Strikes,MMA
Cody Durden,2748975,51.5,Significant Strikes,MMA
Bill Algeo,2748976,79.5,Significant Strikes,MMA
Kaynan Kruschewsky,2748977,50.5,Significant Strikes,MMA
Steve Garcia,2748978,25.5,Significant Strikes,MMA
Junyong Park,2748979,67.5,Significant Strikes,MMA
Virna Jandiroba,2748980,53.5,Significant Strikes,MMA
Miranda Maverick,2748993,2.5,Takedowns,MMA
Cody Durden,2748994,2.5,Takedowns,MMA
Virna Jandiroba,2748995,2.5,Takedowns,MMA
Stephen Curry,2673173,4.8,3PT Made Per Game AVG,NBASZN
Lebron James,2673174,2.2,3PT Made Per Game AVG,NBASZN
Luka Doncic,2673175,3.4,3PT Made Per Game AVG,NBASZN
Trae Young,2673176,3.0,3PT Made Per Game AVG,NBASZN
CJ McCollum	,2673177,3.0,3PT Made Per Game AVG,NBASZN
Donovan Mitchell,2673178,3.3,3PT Made Per Game AVG,NBASZN
Tyrese Haliburton,2673166,10.9,Assists Per Game AVG,NBASZN
Lebron James,2673167,7.7,Assists Per Game AVG,NBASZN
Luka Doncic,2673168,9.1,Assists Per Game AVG,NBASZN
Trae Young,2673169,10.3,Assists Per Game AVG,NBASZN
Nikola Jokic,2673170,8.9,Assists Per Game AVG,NBASZN
Cade Cunningham,2673171,7.0,Assists Per Game AVG,NBASZN
Jalen Brunson,2673172,6.7,Assists Per Game AVG,NBASZN
Lebron James,2673147,25.6,Points Per Game AVG,NBASZN
Anthony Edwards,2673148,27.2,Points Per Game AVG,NBASZN
Stephen Curry,2673149,27.5,Points Per Game AVG,NBASZN
Nikola Jokic,2673150,25.9,Points Per Game AVG,NBASZN
Shai Gilgeous-Alexander,2673151,30.0,Points Per Game AVG,NBASZN
Jayson Tatum,2673152,27.2,Points Per Game AVG,NBASZN
Luka Doncic,2673153,31.9,Points Per Game AVG,NBASZN
Victor Wembanyama,2673154,23.7,Points Per Game AVG,NBASZN
Kevin Durant,2673155,26.9,Points Per Game AVG,NBASZN
Zaccharie Risacher,2673156,10.1,Points Per Game AVG,NBASZN
Alexandre Sarr ,2673157,9.4,Points Per Game AVG,NBASZN
Reed Sheppard ,2673158,9.7,Points Per Game AVG,NBASZN
Domantas Sabonis,2673159,12.7,Rebounds Per Game AVG,NBASZN
Bam Adebayo,2673160,9.7,Rebounds Per Game AVG,NBASZN
Anthony Davis,2673161,12.1,Rebounds Per Game AVG,NBASZN
Nikola Jokic,2673162,11.9,Rebounds Per Game AVG,NBASZN
Rudy Gobert,2673163,12.1,Rebounds Per Game AVG,NBASZN
Victor Wembanyama,2673164,11.8,Rebounds Per Game AVG,NBASZN
Patrick Mahomes,2115033,33.5,Pass TDs,NFLSZN
Aaron Rodgers,2536628,26.5,Pass TDs,NFLSZN
Josh Allen,2115031,27.5,Pass TDs,NFLSZN
Caleb Williams,2353313,22.5,Pass TDs,NFLSZN
Dak Prescott,2115028,29.5,Pass TDs,NFLSZN
Tua Tagovailoa,2115036,27.5,Pass TDs,NFLSZN
Jared Goff,2115029,27.5,Pass TDs,NFLSZN
Kirk Cousins,2115027,27.5,Pass TDs,NFLSZN
C.J. Stroud,2115035,27.5,Pass TDs,NFLSZN
Joe Burrow,2536616,27.5,Pass TDs,NFLSZN
Jayden Daniels,2353314,17.5,Pass TDs,NFLSZN
Baker Mayfield,2115026,23.5,Pass TDs,NFLSZN
Jalen Hurts,2115030,22.5,Pass TDs,NFLSZN
Lamar Jackson,2115032,22.5,Pass TDs,NFLSZN
Brock Purdy,2536625,27.5,Pass TDs,NFLSZN
Jordan Love,2536618,27.5,Pass TDs,NFLSZN
Trevor Lawrence,2536629,21.5,Pass TDs,NFLSZN
Justin Herbert,2536627,22.5,Pass TDs,NFLSZN
Matthew Stafford,2536624,22.5,Pass TDs,NFLSZN
Kyler Murray,2536623,20.5,Pass TDs,NFLSZN
Derek Carr,2536622,21.5,Pass TDs,NFLSZN
Deshaun Watson,2536619,18.5,Pass TDs,NFLSZN
Geno Smith,2536617,21.5,Pass TDs,NFLSZN
Anthony Richardson,2536620,17.5,Pass TDs,NFLSZN
Will Levis,2536621,18.5,Pass TDs,NFLSZN
Bryce Young,2115037,18.5,Pass TDs,NFLSZN
Russell Wilson,2115034,17.5,Pass TDs,NFLSZN
Patrick Mahomes,2115044,4299.5,Pass Yards,NFLSZN
C.J. Stroud,2115046,4150.5,Pass Yards,NFLSZN
Josh Allen,2115042,3699.5,Pass Yards,NFLSZN
Aaron Rodgers,2536615,3749.5,Pass Yards,NFLSZN
Caleb Williams,2353298,3449.5,Pass Yards,NFLSZN
Dak Prescott,2115040,4099.5,Pass Yards,NFLSZN
Lamar Jackson,2115043,3299.5,Pass Yards,NFLSZN
Joe Burrow,2536601,4000.5,Pass Yards,NFLSZN
Jalen Hurts,2115041,3599.5,Pass Yards,NFLSZN
Jayden Daniels,2353299,3075.5,Pass Yards,NFLSZN
Tua Tagovailoa,2536607,4050.5,Pass Yards,NFLSZN
Kirk Cousins,2115039,3999.5,Pass Yards,NFLSZN
Brock Purdy,2536612,3899.5,Pass Yards,NFLSZN
Baker Mayfield,2115038,3650.5,Pass Yards,NFLSZN
Jared Goff,2536610,4025.5,Pass Yards,NFLSZN
Justin Herbert,2536614,3599.5,Pass Yards,NFLSZN
Trevor Lawrence,2115047,3779.5,Pass Yards,NFLSZN
Matthew Stafford,2536611,3999.5,Pass Yards,NFLSZN
Jordan Love,2536603,3900.5,Pass Yards,NFLSZN
Deshaun Watson,2536604,3399.5,Pass Yards,NFLSZN
Anthony Richardson,2536605,3200.5,Pass Yards,NFLSZN
Will Levis,2536606,3399.5,Pass Yards,NFLSZN
Derek Carr,2536608,3449.5,Pass Yards,NFLSZN
Geno Smith,2536602,3449.5,Pass Yards,NFLSZN
Kyler Murray,2536609,3449.5,Pass Yards,NFLSZN
Bryce Young,2115048,3199.5,Pass Yards,NFLSZN
Russell Wilson,2115045,2750.5,Pass Yards,NFLSZN
Tyreek Hill,2115059,9.5,Rec TDs,NFLSZN
Marvin Harrison Jr.,2353315,5.5,Rec TDs,NFLSZN
Justin Jefferson,2115054,7.5,Rec TDs,NFLSZN
Travis Kelce,2115056,8.5,Rec TDs,NFLSZN
CeeDee Lamb,2115051,9.5,Rec TDs,NFLSZN
Ja'Marr Chase,2115052,8.5,Rec TDs,NFLSZN
Mike Evans,2115053,8.5,Rec TDs,NFLSZN
Stefon Diggs,2266871,7.5,Rec TDs,NFLSZN
Amon-Ra St. Brown	,2115050,8.5,Rec TDs,NFLSZN
A.J. Brown,2115049,8.5,Rec TDs,NFLSZN
Garrett Wilson,2536688,7.5,Rec TDs,NFLSZN
Christian McCaffrey,2121689,5.0,Rec TDs,NFLSZN
Cooper Kupp,2536716,6.5,Rec TDs,NFLSZN
Malik Nabers,2536687,5.0,Rec TDs,NFLSZN
Puka Nacua,2536698,6.5,Rec TDs,NFLSZN
D.K. Metcalf,2115057,7.5,Rec TDs,NFLSZN
Davante Adams,2536717,6.5,Rec TDs,NFLSZN
Sam LaPorta,2536726,7.5,Rec TDs,NFLSZN
D.J. Moore,2536718,6.5,Rec TDs,NFLSZN
Drake London,2536719,6.5,Rec TDs,NFLSZN
Calvin Ridley,2127333,5.5,Rec TDs,NFLSZN
Keenan Allen,2536707,4.5,Rec TDs,NFLSZN
Jaylen Waddle,2536710,5.0,Rec TDs,NFLSZN
Amari Cooper,2536711,5.5,Rec TDs,NFLSZN
Keon Coleman	,2536689,4.5,Rec TDs,NFLSZN
Michael Pittman Jr.,2115058,5.0,Rec TDs,NFLSZN
Brock Bowers,2353316,4.5,Rec TDs,NFLSZN
Brian Thomas Jr.,2536690,4.5,Rec TDs,NFLSZN
Rome Odunze,2536691,4.5,Rec TDs,NFLSZN
Xavier Worthy,2536699,4.0,Rec TDs,NFLSZN
Diontae Johnson,2127332,4.5,Rec TDs,NFLSZN
Chris Olave,2536712,5.5,Rec TDs,NFLSZN
DeAndre Hopkins,2536713,5.0,Rec TDs,NFLSZN
Nico Collins,2536721,6.5,Rec TDs,NFLSZN
Devonta Smith,2536692,6.5,Rec TDs,NFLSZN
Jayden Reed,2536714,5.5,Rec TDs,NFLSZN
Christian Watson,2536715,6.0,Rec TDs,NFLSZN
Tyler Lockett,2536708,4.5,Rec TDs,NFLSZN
Chris Godwin,2536703,4.5,Rec TDs,NFLSZN
Mark Andrews,2536735,6.5,Rec TDs,NFLSZN
David Njoku,2536704,4.5,Rec TDs,NFLSZN
Jaxon Smith-Njigba,2536705,4.5,Rec TDs,NFLSZN
Jerry Jeudy,2115055,3.5,Rec TDs,NFLSZN
Christian Kirk,2536727,4.5,Rec TDs,NFLSZN
Zay Flowers,2536693,5.5,Rec TDs,NFLSZN
Jameson Williams,2536700,3.5,Rec TDs,NFLSZN
Xavier Legette,2536694,3.0,Rec TDs,NFLSZN
George Pickens,2536695,4.5,Rec TDs,NFLSZN
Quentin Johnston ,2536702,3.5,Rec TDs,NFLSZN
Pat Freiermuth,2536724,3.5,Rec TDs,NFLSZN
Adonai Mitchell,2536696,3.5,Rec TDs,NFLSZN
Romeo Doubs	,2536709,4.5,Rec TDs,NFLSZN
Dalton Kincaid,2536723,5.5,Rec TDs,NFLSZN
Kyle Pitts,2536725,4.5,Rec TDs,NFLSZN
Ladd McConkey,2536697,4.0,Rec TDs,NFLSZN
Dallas Goedert,2536734,3.5,Rec TDs,NFLSZN
Dalton Schultz,2536733,3.5,Rec TDs,NFLSZN
Cole Kmet,2536732,3.5,Rec TDs,NFLSZN
Evan Engram,2536731,3.5,Rec TDs,NFLSZN
Jahan Dotson,2536730,4.0,Rec TDs,NFLSZN
Hunter Henry,2536729,4.5,Rec TDs,NFLSZN
Mike Williams,2536728,4.5,Rec TDs,NFLSZN
Rashid Shaheed,2536722,3.5,Rec TDs,NFLSZN
Tyreek Hill,2115070,1375.5,Receiving Yards,NFLSZN
Justin Jefferson,2115065,1299.5,Receiving Yards,NFLSZN
CeeDee Lamb,2115062,1325.5,Receiving Yards,NFLSZN
Marvin Harrison Jr.,2353300,1025.5,Receiving Yards,NFLSZN
Travis Kelce,2115067,899.5,Receiving Yards,NFLSZN
Ja'Marr Chase,2115063,1299.5,Receiving Yards,NFLSZN
A.J. Brown,2115060,1275.5,Receiving Yards,NFLSZN
Amon-Ra St. Brown	,2115061,1249.5,Receiving Yards,NFLSZN
Puka Nacua,2536633,1125.5,Receiving Yards,NFLSZN
Mike Evans,2115064,1099.5,Receiving Yards,NFLSZN
Garrett Wilson,2536640,1125.5,Receiving Yards,NFLSZN
Davante Adams,2536632,999.5,Receiving Yards,NFLSZN
Stefon Diggs,2266870,950.5,Receiving Yards,NFLSZN
D.K. Metcalf,2115068,999.5,Receiving Yards,NFLSZN
Calvin Ridley,2127331,875.5,Receiving Yards,NFLSZN
Drake London,2536637,999.5,Receiving Yards,NFLSZN
Sam LaPorta,2536636,849.5,Receiving Yards,NFLSZN
Nico Collins,2536660,974.5,Receiving Yards,NFLSZN
Devonta Smith,2536639,1025.5,Receiving Yards,NFLSZN
Jaylen Waddle,2536645,999.5,Receiving Yards,NFLSZN
Christian McCaffrey,2122379,499.5,Receiving Yards,NFLSZN
Keenan Allen,2536655,850.5,Receiving Yards,NFLSZN
Zay Flowers,2536634,900.5,Receiving Yards,NFLSZN
Michael Pittman Jr.,2115069,999.5,Receiving Yards,NFLSZN
Amari Cooper,2536656,949.5,Receiving Yards,NFLSZN
Cooper Kupp,2536641,949.5,Receiving Yards,NFLSZN
Malik Nabers,2353305,849.5,Receiving Yards,NFLSZN
Terry McLaurin,2536686,949.5,Receiving Yards,NFLSZN
Chris Godwin,2536659,925.5,Receiving Yards,NFLSZN
Chris Olave,2536643,1099.5,Receiving Yards,NFLSZN
DeAndre Hopkins,2536644,899.5,Receiving Yards,NFLSZN
D.J. Moore,2536642,974.5,Receiving Yards,NFLSZN
Rome Odunze,2353306,675.5,Receiving Yards,NFLSZN
Kyle Pitts,2536672,775.5,Receiving Yards,NFLSZN
Xavier Worthy,2353309,774.5,Receiving Yards,NFLSZN
Keon Coleman	,2536638,725.5,Receiving Yards,NFLSZN
George Pickens,2536635,999.5,Receiving Yards,NFLSZN
Trey McBride,2536670,750.5,Receiving Yards,NFLSZN
Dalton Kincaid,2536668,749.5,Receiving Yards,NFLSZN
Brock Bowers,2353312,635.5,Receiving Yards,NFLSZN
Brian Thomas Jr.,2353307,749.5,Receiving Yards,NFLSZN
Christian Kirk,2536678,925.5,Receiving Yards,NFLSZN
Mark Andrews,2536685,749.5,Receiving Yards,NFLSZN
Jaxon Smith-Njigba,2536652,775.5,Receiving Yards,NFLSZN
Pat Freiermuth,2536671,525.5,Receiving Yards,NFLSZN
Evan Engram,2536681,725.5,Receiving Yards,NFLSZN
David Njoku,2536650,725.5,Receiving Yards,NFLSZN
Jayden Reed,2536651,749.5,Receiving Yards,NFLSZN
Cole Kmet,2536682,475.5,Receiving Yards,NFLSZN
Dalton Schultz,2536683,499.5,Receiving Yards,NFLSZN
Tyler Lockett,2536653,799.5,Receiving Yards,NFLSZN
Dallas Goedert,2536684,625.5,Receiving Yards,NFLSZN
Ladd McConkey,2353311,775.5,Receiving Yards,NFLSZN
Diontae Johnson,2127330,825.5,Receiving Yards,NFLSZN
Romeo Doubs	,2536647,575.5,Receiving Yards,NFLSZN
Jameson Williams,2536648,699.5,Receiving Yards,NFLSZN
Christian Watson,2536649,699.5,Receiving Yards,NFLSZN
Curtis Samuel,2536673,575.5,Receiving Yards,NFLSZN
Wan'Dale Robinson,2536669,525.5,Receiving Yards,NFLSZN
Josh Palmer,2536674,700.5,Receiving Yards,NFLSZN
Darnell Mooney,2536675,575.5,Receiving Yards,NFLSZN
Michael Wilson,2536676,549.5,Receiving Yards,NFLSZN
Demario Douglas,2536677,549.5,Receiving Yards,NFLSZN
Xavier Legette,2353310,550.5,Receiving Yards,NFLSZN
Mike Williams,2536657,675.5,Receiving Yards,NFLSZN
Hunter Henry,2536679,399.5,Receiving Yards,NFLSZN
Jahan Dotson,2536680,540.5,Receiving Yards,NFLSZN
Quentin Johnston ,2536658,599.5,Receiving Yards,NFLSZN
Adonai Mitchell,2353308,649.5,Receiving Yards,NFLSZN
Jerry Jeudy,2115066,725.5,Receiving Yards,NFLSZN
Breece Hall,2536665,499.5,Receiving Yards,NFLSZN
Austin Ekeler,2536661,399.5,Receiving Yards,NFLSZN
Jahmyr Gibbs,2536662,349.5,Receiving Yards,NFLSZN
Rachaad White,2536663,350.5,Receiving Yards,NFLSZN
Saquon Barkley,2536664,299.5,Receiving Yards,NFLSZN
Tee Higgins,2732046,875.5,Receiving Yards,NFLSZN
Marquise Brown,2732047,750.5,Receiving Yards,NFLSZN
Deebo Samuel,2732048,774.5,Receiving Yards,NFLSZN
Brandon Aiyuk,2732049,950.5,Receiving Yards,NFLSZN
Adam Thielen,2732050,550.5,Receiving Yards,NFLSZN
George Kittle,2732051,750.5,Receiving Yards,NFLSZN
Chigoziem Okonkwo,2732052,500.5,Receiving Yards,NFLSZN
Tyler Conklin,2536666,425.5,Receiving Yards,NFLSZN
Rashid Shaheed,2536667,675.5,Receiving Yards,NFLSZN
Derrick Henry,2116827,10.5,Rush TDs,NFLSZN
Christian McCaffrey,2122378,10.5,Rush TDs,NFLSZN
Jalen Hurts,2115071,10.5,Rush TDs,NFLSZN
Josh Allen,2536767,9.0,Rush TDs,NFLSZN
Saquon Barkley,2115073,7.0,Rush TDs,NFLSZN
David Montgomery,2536773,9.0,Rush TDs,NFLSZN
Josh Jacobs,2115077,7.5,Rush TDs,NFLSZN
Kyren Williams,2536771,9.5,Rush TDs,NFLSZN
Bijan Robinson,2536789,6.5,Rush TDs,NFLSZN
DeVon Achane,2536785,6.5,Rush TDs,NFLSZN
Breece Hall,2536790,7.5,Rush TDs,NFLSZN
Jahmyr Gibbs,2536780,8.5,Rush TDs,NFLSZN
Jonathan Taylor,2536774,9.5,Rush TDs,NFLSZN
Isiah Pacheco,2536778,7.5,Rush TDs,NFLSZN
Kenneth Walker III,2536772,8.5,Rush TDs,NFLSZN
Travis Etienne,2536777,7.5,Rush TDs,NFLSZN
Lamar Jackson,2536781,4.5,Rush TDs,NFLSZN
Anthony Richardson,2536768,8.5,Rush TDs,NFLSZN
Rachaad White,2536782,5.5,Rush TDs,NFLSZN
Ezekiel Elliott,2536770,5.5,Rush TDs,NFLSZN
Kyler Murray,2536784,5.0,Rush TDs,NFLSZN
D'Andre Swift,2115074,5.5,Rush TDs,NFLSZN
Rhamondre Stevenson,2536769,4.5,Rush TDs,NFLSZN
James Conner,2536779,5.5,Rush TDs,NFLSZN
Tony Pollard,2115072,5.5,Rush TDs,NFLSZN
Zack Moss,2115076,6.5,Rush TDs,NFLSZN
James Cook,2536786,3.5,Rush TDs,NFLSZN
Alvin Kamara,2536783,4.5,Rush TDs,NFLSZN
Najee Harris,2536787,5.5,Rush TDs,NFLSZN
Aaron Jones,2536788,4.5,Rush TDs,NFLSZN
Raheem Mostert,2536791,7.5,Rush TDs,NFLSZN
Zamir White,2536776,4.5,Rush TDs,NFLSZN
Devin Singletary,2536775,3.5,Rush TDs,NFLSZN
Trevor Lawrence,2115075,3.5,Rush TDs,NFLSZN
Christian McCaffrey,2122377,1149.5,Rush Yards,NFLSZN
Derrick Henry,2116826,975.5,Rush Yards,NFLSZN
Saquon Barkley,2115080,1049.5,Rush Yards,NFLSZN
Jonathan Taylor,2536747,1075.5,Rush Yards,NFLSZN
Josh Jacobs,2115084,975.5,Rush Yards,NFLSZN
Kyren Williams,2536743,975.5,Rush Yards,NFLSZN
Bijan Robinson,2536762,950.5,Rush Yards,NFLSZN
Breece Hall,2536763,999.5,Rush Yards,NFLSZN
Kenneth Walker III,2536745,925.5,Rush Yards,NFLSZN
Isiah Pacheco,2536751,899.5,Rush Yards,NFLSZN
Lamar Jackson,2115078,699.5,Rush Yards,NFLSZN
Ezekiel Elliott,2536742,525.5,Rush Yards,NFLSZN
Travis Etienne,2536750,925.5,Rush Yards,NFLSZN
Jahmyr Gibbs,2536754,900.5,Rush Yards,NFLSZN
Zamir White,2536749,825.5,Rush Yards,NFLSZN
David Montgomery,2536746,775.5,Rush Yards,NFLSZN
Joe Mixon,2536765,875.5,Rush Yards,NFLSZN
DeVon Achane,2536758,724.5,Rush Yards,NFLSZN
Rachaad White,2536755,825.5,Rush Yards,NFLSZN
D'Andre Swift,2115081,775.5,Rush Yards,NFLSZN
James Cook,2536759,875.5,Rush Yards,NFLSZN
Jonathan Brooks,2353302,749.5,Rush Yards,NFLSZN
James Conner,2536753,725.5,Rush Yards,NFLSZN
Tony Pollard,2115079,725.5,Rush Yards,NFLSZN
Rhamondre Stevenson,2536741,750.5,Rush Yards,NFLSZN
Austin Ekeler,2536744,435.5,Rush Yards,NFLSZN
Zack Moss,2115083,749.5,Rush Yards,NFLSZN
Jalen Hurts,2536738,549.5,Rush Yards,NFLSZN
Josh Allen,2536739,499.5,Rush Yards,NFLSZN
Jayden Daniels,2536737,499.5,Rush Yards,NFLSZN
Anthony Richardson,2536740,524.5,Rush Yards,NFLSZN
Kyler Murray,2536757,449.5,Rush Yards,NFLSZN
Najee Harris,2536760,799.5,Rush Yards,NFLSZN
Trey Benson,2353303,499.5,Rush Yards,NFLSZN
Aaron Jones,2536761,724.5,Rush Yards,NFLSZN
Brian Robinson,2536766,675.5,Rush Yards,NFLSZN
Blake Corum,2353304,499.5,Rush Yards,NFLSZN
Devin Singletary,2536748,725.5,Rush Yards,NFLSZN
Raheem Mostert,2536764,699.5,Rush Yards,NFLSZN
Alvin Kamara,2536756,649.5,Rush Yards,NFLSZN
Javonte Williams,2536752,625.5,Rush Yards,NFLSZN
Trevor Lawrence,2115082,299.5,Rush Yards,NFLSZN
T.J. Watt,2115090,13.75,Sacks,NFLSZN
Myles Garrett,2115087,13.75,Sacks,NFLSZN
Micah Parsons	,2115089,13.25,Sacks,NFLSZN
Danielle Hunter	,2127334,10.75,Sacks,NFLSZN
Chris Jones,2115086,11.25,Sacks,NFLSZN
Brian Burns,2115085,8.75,Sacks,NFLSZN
Justin Madubuike,2115088,9.25,Sacks,NFLSZN
Josh Sweat,2731567,7.25,Sacks,NFLSZN
Christian Wilkins,2731568,4.75,Sacks,NFLSZN
Rashan Gary,2731569,7.75,Sacks,NFLSZN
Maxx Crosby ,2731570,13.25,Sacks,NFLSZN
Jalen Carter,2731571,6.25,Sacks,NFLSZN
Josh Allen,2731572,12.75,Sacks,NFLSZN
Dallas Turner,2731573,7.25,Sacks,NFLSZN
Will Anderson,2731574,8.25,Sacks,NFLSZN
Kobie Turner,2731575,7.25,Sacks,NFLSZN
Jonathan Greenard,2731576,7.75,Sacks,NFLSZN
Travon Walker,2731577,8.75,Sacks,NFLSZN
Chase Young,2731578,7.25,Sacks,NFLSZN
Bryce Huff,2731579,6.75,Sacks,NFLSZN
George Karlaftis	,2731580,9.25,Sacks,NFLSZN
Carl Granderson,2731581,7.25,Sacks,NFLSZN
Alex Highsmith,2731582,7.75,Sacks,NFLSZN
Preston Smith,2731583,7.75,Sacks,NFLSZN
Nick Bosa,2731584,12.25,Sacks,NFLSZN
Laiatu Latu,2731585,7.0,Sacks,NFLSZN
Dexter Lawrence,2731586,4.25,Sacks,NFLSZN
Montez Sweat,2731587,8.75,Sacks,NFLSZN
Byron Murphy II,2731588,4.25,Sacks,NFLSZN
Za'Darius Smith	,2731589,6.25,Sacks,NFLSZN
Byron Young,2731590,6.75,Sacks,NFLSZN
Kayvon Thibodeaux	,2731591,8.25,Sacks,NFLSZN
Khalil Mack,2731592,8.25,Sacks,NFLSZN
Joey Bosa,2731593,7.25,Sacks,NFLSZN
Aidan Hutchinson,2731594,11.25,Sacks,NFLSZN
Denico Autry,2731595,8.25,Sacks,NFLSZN
Leonard Floyd,2731596,9.25,Sacks,NFLSZN
Trey Hendrickson	,2731597,12.25,Sacks,NFLSZN
Quinnen Williams	,2731598,6.25,Sacks,NFLSZN
YaYa Diaby,2731599,6.25,Sacks,NFLSZN
Haason Reddick	,2731600,10.25,Sacks,NFLSZN
DeForest Buckner,2731601,7.75,Sacks,NFLSZN
Jadeveon Clowney,2731602,6.0,Sacks,NFLSZN
Frankie Luvu,2731603,115.5,Tackles+Ast,NFLSZN
Camryn Bynum,2731642,120.5,Tackles+Ast,NFLSZN
Ernest Jones,2731643,135.5,Tackles+Ast,NFLSZN
Alex Anzalone,2731644,120.5,Tackles+Ast,NFLSZN
Lavonte David,2731645,120.5,Tackles+Ast,NFLSZN
Roquan Smith	,2731646,155.5,Tackles+Ast,NFLSZN
T.J. Edwards,2731647,150.5,Tackles+Ast,NFLSZN
Patrick Queen,2731648,125.5,Tackles+Ast,NFLSZN
Quincy Williams,2731649,125.5,Tackles+Ast,NFLSZN
Logan Wilson,2731650,120.5,Tackles+Ast,NFLSZN
Bobby Wagner,2731651,155.5,Tackles+Ast,NFLSZN
Alex Singleton	,2731652,155.5,Tackles+Ast,NFLSZN
Foyesade Oluokun	,2731653,165.5,Tackles+Ast,NFLSZN
Bobby Okereke	,2731654,140.5,Tackles+Ast,NFLSZN
Robert Spillane,2731655,120.5,Tackles+Ast,NFLSZN
C.J. Mosley	,2731656,145.5,Tackles+Ast,NFLSZN
Fred Warner	,2731657,125.5,Tackles+Ast,NFLSZN
Azeez Al-Shaair,2731658,140.5,Tackles+Ast,NFLSZN
Zaire Franklin,2731659,160.5,Tackles+Ast,NFLSZN
Thiago Martins,2750161,4.5,Clearances,SOCCER
Derrick Williams,2750160,4.0,Clearances,SOCCER
Matt Freese,2750152,3.5,Goalie Saves,SOCCER
Brad Guzan,2750153,2.5,Goalie Saves,SOCCER
Keaton Parks,2750156,46.5,Passes Attempted,SOCCER
Santiago Rodríguez,2750157,42.5,Passes Attempted,SOCCER
Tristan Muyumba,2750154,47.5,Passes Attempted,SOCCER
Thiago Martins,2750158,56.5,Passes Attempted,SOCCER
Derrick Williams,2750155,48.5,Passes Attempted,SOCCER
Saba Lobjanidze,2750137,3.5,Shots,SOCCER
Keaton Parks,2750150,0.5,Shots,SOCCER
Alonso Martínez,2750148,2.5,Shots,SOCCER
Monsef Bakrar,2750147,2.5,Shots,SOCCER
Daniel Ríos,2750136,2.5,Shots,SOCCER
Xande Silva,2750138,2.5,Shots,SOCCER
Hannes Wolf,2750151,0.5,Shots On Target,SOCCER
Flavio Cobolli,2748550,4.0,Aces,TENNIS
Zizou Bergs,2748552,4.5,Aces,TENNIS
Francisco Cerundolo,2748553,3.0,Aces,TENNIS
Alexander Shevchenko,2748554,4.0,Aces,TENNIS
Matteo Arnaldi,2748555,6.0,Aces,TENNIS
Sebastian Baez,2748556,1.5,Aces,TENNIS
Holger Rune,2748545,3.5,Aces,TENNIS
Arthur Fils,2748546,3.5,Aces,TENNIS
Luciano Darderi,2748547,2.0,Aces,TENNIS
Zhizhen Zhang,2748548,5.5,Aces,TENNIS
Facundo Diaz Acosta,2748549,2.0,Aces,TENNIS
Pavel Kotov,2748996,3.0,Aces,TENNIS
Cameron Norrie,2748997,2.5,Aces,TENNIS
Leandro Riedi,2749836,4.0,Aces,TENNIS
Jan-Lennard Struff,2749837,6.5,Aces,TENNIS
Titouan Droguet,2749838,6.0,Aces,TENNIS
Daniel Elahi Galan,2749839,5.0,Aces,TENNIS
Juan Pablo Varillas,2749840,3.5,Aces,TENNIS
Hamad Medjedovic,2749841,8.5,Aces,TENNIS
Anna Blinkova,2748921,1.0,Aces,TENNIS
Irina-Camelia Begu,2748929,2.0,Aces,TENNIS
Mayar Sherif,2748920,1.0,Aces,TENNIS
Chloe Paquet,2748922,2.0,Aces,TENNIS
Arantxa Rus,2748923,1.0,Aces,TENNIS
Jaqueline Adina Cristian,2748924,1.5,Aces,TENNIS
Qinwen Zheng,2748926,3.5,Aces,TENNIS
Peyton Stearns,2748927,0.5,Aces,TENNIS
Lucia Bronzetti,2748930,0.5,Aces,TENNIS
Nadal R / Ruud CA,2748964,3.5,Break Points Won,TENNIS
Jan-Lennard Struff,2749848,3.0,Break Points Won,TENNIS
Titouan Droguet,2749849,3.5,Break Points Won,TENNIS
Juan Pablo Varillas,2749850,3.0,Break Points Won,TENNIS
Hamad Medjedovic,2749851,2.5,Break Points Won,TENNIS
Elina Avanesyan,2748788,4.5,Break Points Won,TENNIS
Varvara Gracheva,2748789,5.0,Break Points Won,TENNIS
Rebeka Masarova,2748787,5.0,Break Points Won,TENNIS
Amarissa Kiara Toth,2749004,5.5,Break Points Won,TENNIS
Anna-Karolina Schmiedlova,2748790,5.5,Break Points Won,TENNIS
Viktoriya Tomova,2748786,5.0,Break Points Won,TENNIS
Maria Timofeeva,2749006,5.5,Break Points Won,TENNIS
Arantxa Rus,2748945,5.0,Break Points Won,TENNIS
Petra Martic,2748943,4.5,Break Points Won,TENNIS
Peyton Stearns,2748944,4.5,Break Points Won,TENNIS
Flavio Cobolli,2748538,15.0,Fantasy Score,TENNIS
Francisco Cerundolo,2748541,21.5,Fantasy Score,TENNIS
Matteo Arnaldi,2748543,17.5,Fantasy Score,TENNIS
Sebastian Baez,2748544,18.5,Fantasy Score,TENNIS
Holger Rune,2748533,21.0,Fantasy Score,TENNIS
Arthur Fils,2748534,16.0,Fantasy Score,TENNIS
Zhizhen Zhang,2748536,15.0,Fantasy Score,TENNIS
Facundo Diaz Acosta,2748537,15.5,Fantasy Score,TENNIS
Jaime Faria,2748953,15.0,Fantasy Score,TENNIS
Alejandro Moro Canas,2748951,12.5,Fantasy Score,TENNIS
Pavel Kotov,2748954,14.5,Fantasy Score,TENNIS
Cameron Norrie,2748955,14.0,Fantasy Score,TENNIS
Nadal R / Ruud CA,2748962,15.0,Fantasy Score,TENNIS
Leandro Riedi,2749830,16.0,Fantasy Score,TENNIS
Jan-Lennard Struff,2749831,22.0,Fantasy Score,TENNIS
Titouan Droguet,2749832,11.0,Fantasy Score,TENNIS
Daniel Elahi Galan,2749833,14.0,Fantasy Score,TENNIS
Juan Pablo Varillas,2749834,15.0,Fantasy Score,TENNIS
Hamad Medjedovic,2749835,19.5,Fantasy Score,TENNIS
Elina Avanesyan,2748778,14.0,Fantasy Score,TENNIS
Varvara Gracheva,2748779,19.0,Fantasy Score,TENNIS
Rebeka Masarova,2748777,22.5,Fantasy Score,TENNIS
Amarissa Kiara Toth,2748998,13.5,Fantasy Score,TENNIS
Anna-Karolina Schmiedlova,2748780,15.0,Fantasy Score,TENNIS
Sara Sorribes Tormo,2748999,21.0,Fantasy Score,TENNIS
Viktoriya Tomova,2748776,16.0,Fantasy Score,TENNIS
Maria Timofeeva,2749000,14.0,Fantasy Score,TENNIS
Anna Blinkova,2748909,15.0,Fantasy Score,TENNIS
Irina-Camelia Begu,2748918,21.5,Fantasy Score,TENNIS
Mayar Sherif,2748908,16.0,Fantasy Score,TENNIS
Chloe Paquet,2748910,22.0,Fantasy Score,TENNIS
Arantxa Rus,2748911,13.0,Fantasy Score,TENNIS
Maria Carle,2748912,15.5,Fantasy Score,TENNIS
Jaqueline Adina Cristian,2748913,14.5,Fantasy Score,TENNIS
Petra Martic,2748914,16.5,Fantasy Score,TENNIS
Qinwen Zheng,2748915,22.0,Fantasy Score,TENNIS
Peyton Stearns,2748916,15.5,Fantasy Score,TENNIS
Erika Andreeva,2748917,15.5,Fantasy Score,TENNIS
Flavio Cobolli,2748562,22.5,Total Games,TENNIS
Maximilian Marterer,2748563,22.0,Total Games,TENNIS
Zizou Bergs,2748564,22.5,Total Games,TENNIS
Francisco Cerundolo,2748565,21.0,Total Games,TENNIS
Alexander Shevchenko,2748566,22.5,Total Games,TENNIS
Matteo Arnaldi,2748567,22.0,Total Games,TENNIS
Sebastian Baez,2748568,21.5,Total Games,TENNIS
Holger Rune,2748557,22.0,Total Games,TENNIS
Arthur Fils,2748558,22.0,Total Games,TENNIS
Luciano Darderi,2748559,23.0,Total Games,TENNIS
Zhizhen Zhang,2748560,22.5,Total Games,TENNIS
Facundo Diaz Acosta,2748561,22.0,Total Games,TENNIS
Timofey Skatov,2748958,21.5,Total Games,TENNIS
Denis Yevseyev,2748956,22.0,Total Games,TENNIS
Alejandro Moro Canas,2748957,22.0,Total Games,TENNIS
Pavel Kotov,2748960,22.5,Total Games,TENNIS
Cameron Norrie,2748961,22.5,Total Games,TENNIS
Nadal R / Ruud CA,2748963,20.5,Total Games,TENNIS
Leandro Riedi,2749842,22.5,Total Games,TENNIS
Jan-Lennard Struff,2749843,21.5,Total Games,TENNIS
Titouan Droguet,2749844,22.5,Total Games,TENNIS
Daniel Elahi Galan,2749845,22.5,Total Games,TENNIS
Juan Pablo Varillas,2749846,22.5,Total Games,TENNIS
Hamad Medjedovic,2749847,23.0,Total Games,TENNIS
Elina Avanesyan,2748783,21.5,Total Games,TENNIS
Varvara Gracheva,2748784,21.0,Total Games,TENNIS
Rebeka Masarova,2748782,18.5,Total Games,TENNIS
Amarissa Kiara Toth,2749001,21.5,Total Games,TENNIS
Anna-Karolina Schmiedlova,2748785,21.5,Total Games,TENNIS
Sara Sorribes Tormo,2749002,19.0,Total Games,TENNIS
Viktoriya Tomova,2748781,21.5,Total Games,TENNIS
Maria Timofeeva,2749003,21.5,Total Games,TENNIS
Anna Blinkova,2748932,21.5,Total Games,TENNIS
Irina-Camelia Begu,2748941,19.5,Total Games,TENNIS
Mayar Sherif,2748931,21.0,Total Games,TENNIS
Chloe Paquet,2748933,18.0,Total Games,TENNIS
Arantxa Rus,2748934,21.5,Total Games,TENNIS
Maria Carle,2748935,21.0,Total Games,TENNIS
Jaqueline Adina Cristian,2748936,21.5,Total Games,TENNIS
Petra Martic,2748937,21.5,Total Games,TENNIS
Qinwen Zheng,2748938,19.5,Total Games,TENNIS
Peyton Stearns,2748939,21.5,Total Games,TENNIS
Erika Andreeva,2748940,21.5,Total Games,TENNIS
Lucia Bronzetti,2748942,21.5,Total Games,TENNIS
ceNder,2749322,26.0,MAPS 1-2 Kills,VAL
runneR,2749323,29.5,MAPS 1-2 Kills,VAL
Kicks,2749324,27.0,MAPS 1-2 Kills,VAL
Sayf,2749325,35.0,MAPS 1-2 Kills,VAL
trexx,2749326,32.5,MAPS 1-2 Kills,VAL
ANGE1,2749327,28.0,MAPS 1-2 Kills,VAL
SUYGETSU,2749328,30.5,MAPS 1-2 Kills,VAL
Shao,2749329,29.5,MAPS 1-2 Kills,VAL
Zyppan,2749330,29.5,MAPS 1-2 Kills,VAL
ardiis,2749331,33.5,MAPS 1-2 Kills,VAL
Boaster,2749332,21.5,MAPS 1-2 Kills,VAL
Derke,2749333,35.5,MAPS 1-2 Kills,VAL
Alfajer,2749334,33.5,MAPS 1-2 Kills,VAL
Chronicle,2749335,30.0,MAPS 1-2 Kills,VAL
hiro,2749336,32.0,MAPS 1-2 Kills,VAL
Shin,2749337,25.0,MAPS 1-2 Kills,VAL
Magnum,2749338,26.5,MAPS 1-2 Kills,VAL
marteen,2749339,32.0,MAPS 1-2 Kills,VAL
N4RRATE,2749340,33.5,MAPS 1-2 Kills,VAL
tomaszy,2749341,27.5,MAPS 1-2 Kills,VAL
ardiis + Zyppan + Shao,2749318,92.0,MAPS 1-2 Kills (Combo),VAL
Sayf + runneR + Kicks,2749319,91.5,MAPS 1-2 Kills (Combo),VAL
Chronicle + Derke + Alfajer,2749320,99.5,MAPS 1-2 Kills (Combo),VAL
N4RRATE + Tomaszy + marteen,2749321,92.5,MAPS 1-2 Kills (Combo),VAL
Sayf,2749362,8.5,Maps 1-2 First Blood,VAL
runneR,2749363,4.0,Maps 1-2 First Blood,VAL
ardiis,2749364,7.0,Maps 1-2 First Blood,VAL
Zyppan,2749365,4.5,Maps 1-2 First Blood,VAL
Derke,2749366,7.5,Maps 1-2 First Blood,VAL
Chronicle,2749367,4.0,Maps 1-2 First Blood,VAL
marteen,2749368,7.0,Maps 1-2 First Blood,VAL
Shin,2749369,2.5,Maps 1-2 First Blood,VAL
Aari McDonald,2750108,4.5,Assists,WNBA
Alyssa Thomas,2750122,7.5,Assists,WNBA
Diana Taurasi,2750080,15.5,Points,WNBA
Ariel Atkins,2750081,16.5,Points,WNBA
Kahleah Copper,2750082,21.5,Points,WNBA
Natasha Cloud,2750083,11.5,Points,WNBA
Stefanie Dolson,2750084,11.5,Points,WNBA
Brittney Griner,2750085,19.5,Points,WNBA
Dearica Hamby,2750105,19.5,Points,WNBA
Rickea Jackson,2750106,12.5,Points,WNBA
Aari McDonald,2750107,11.5,Points,WNBA
Alyssa Thomas,2750118,11.5,Points,WNBA
Brionna Jones,2750119,13.5,Points,WNBA
DeWanna Bonner,2750120,17.5,Points,WNBA
DiJonai Carrington,2750121,12.5,Points,WNBA
Angel Reese,2750066,12.5,Points,WNBA
A'ja Wilson,2750079,26.5,Points,WNBA
Chennedy Carter,2750053,18.5,Points,WNBA
Kelsey Plum,2750054,19.5,Points,WNBA
Kamilla Cardoso,2750055,7.5,Points,WNBA
Jackie Young,2750056,18.5,Points,WNBA
Marina Mabrey,2750057,14.5,Points,WNBA
Stefanie Dolson,2750086,5.5,Rebounds,WNBA
Alyssa Thomas,2750123,9.5,Rebounds,WNBA
Angel Reese,2750051,12.5,Rebounds,WNBA
A'ja Wilson,2750052,11.5,Rebounds,WNBA
Diana Taurasi,2750087,8.0,Points,WNBA1H
Ariel Atkins,2750088,8.0,Points,WNBA1H
Kahleah Copper,2750089,10.5,Points,WNBA1H
Natasha Cloud,2750090,6.0,Points,WNBA1H
Stefanie Dolson,2750091,5.5,Points,WNBA1H
Brittney Griner,2750092,9.5,Points,WNBA1H
Dearica Hamby,2750109,9.5,Points,WNBA1H
Rickea Jackson,2750115,6.0,Points,WNBA1H
Aari McDonald,2750111,5.5,Points,WNBA1H
Alyssa Thomas,2750124,5.5,Points,WNBA1H
Brionna Jones,2750125,6.5,Points,WNBA1H
DeWanna Bonner,2750126,8.5,Points,WNBA1H
DiJonai Carrington,2750127,6.5,Points,WNBA1H
Angel Reese,2750058,6.5,Points,WNBA1H
A'ja Wilson,2750070,13.5,Points,WNBA1H
Chennedy Carter,2750060,9.0,Points,WNBA1H
Kelsey Plum,2750072,10.0,Points,WNBA1H
Kamilla Cardoso,2750062,4.0,Points,WNBA1H
Jackie Young,2750074,9.5,Points,WNBA1H
Marina Mabrey,2750064,7.5,Points,WNBA1H
